ID,Polski Tytuł,Autor,ISBN,Cykl,Średnia ocena,Liczba ocen,Czytelnicy,Opinie,Ocena użytkownika,Link,Data przeczytania,Na półkach Głowne,Na półkach Pozostałe,Tytuł
4883648,Imperium ciszy,Christopher Ruocchio,9788380625068,Pożeracz słońc (tom 1),"7,2",182,1133,49,,https://lubimyczytac.pl/ksiazka/4883648/imperium-ciszy,,Chcę przeczytać,,Empire of Silence
5095549,Pożar,Craig Alanson,9788367053914,Expeditionary Force (tom 11),"7,4",107,254,12,6,https://lubimyczytac.pl/ksiazka/5095549/pozar,2024-12-11,Przeczytane,,Brushfire
5022292,Baśniowa opowieść,Stephen King,9788367338189,,"7,3",3173,5830,580,,https://lubimyczytac.pl/ksiazka/5022292/basniowa-opowiesc,,Chcę przeczytać,,Fairy Tale
5091650,Droga Cienia,Brent Weeks,9788367793445,Nocny Anioł (tom 1),"7,7",4373,9417,329,,https://lubimyczytac.pl/ksiazka/5091650/droga-cienia,,Chcę przeczytać,,The Way of Shadows
5126665,Szklany tron,Sarah J. Maas,9788383198149,Szklany Tron (tom 1),"7,8",14481,29265,1553,,https://lubimyczytac.pl/ksiazka/5126665/szklany-tron,,Chcę przeczytać,,Throne of Glass
5096331,The Prison Healer. Próby żywiołów,Lynette Noni,9788382655247,The Prison Healer (tom 1),"7,9",781,2505,235,,https://lubimyczytac.pl/ksiazka/5096331/the-prison-healer-proby-zywiolow,,Chcę przeczytać,,The Prison Healer
5096549,Czerwony świt,Pierce Brown,9788367793926,Red Rising (tom 1),"7,5",1267,4757,234,,https://lubimyczytac.pl/ksiazka/5096549/czerwony-swit,,Chcę przeczytać,,Red Rising
4970701,Miasto mosiądzu,S.A. Chakraborty,9788366657410,Dewabad (tom 1),"7,7",1582,4971,225,,https://lubimyczytac.pl/ksiazka/4970701/miasto-mosiadzu,,Chcę przeczytać,,The City of Brass
5169484,Nibynoc,Jay Kristoff,9788368240092,Nibynoc (tom 1),"7,9",2509,7771,309,,https://lubimyczytac.pl/ksiazka/5169484/nibynoc,,Chcę przeczytać,,Nevernight
5079337,Okno skąpane w mroku,Rachel Gillig,9788383208985,Tajemnice Króla Shepherda (tom 1),"7,6",1993,4162,322,,https://lubimyczytac.pl/ksiazka/5079337/okno-skapane-w-mroku,,Chcę przeczytać,,One Dark Window
5084625,Ślepowidzenie,Peter Watts,9788367793346,Ślepowidzenie (tom 1),"7,6",4013,10927,485,,https://lubimyczytac.pl/ksiazka/5084625/slepowidzenie,,Chcę przeczytać,,Blindsight
5089322,Ostrze,Joe Abercrombie,9788367793131,Pierwsze prawo (tom 1),"7,7",3088,7914,332,,https://lubimyczytac.pl/ksiazka/5089322/ostrze,,Chcę przeczytać,,The Blade Itself
193046,Gra Endera,Orson Scott Card,9788378396321,Saga Endera (tom 1),"8,0",11740,20562,905,,https://lubimyczytac.pl/ksiazka/193046/gra-endera,,Chcę przeczytać,,Ender's Game
47826,Czarna Kompania,Glen Cook,8373010718,Czarna Kompania (tom 1),"7,1",1342,3258,124,,https://lubimyczytac.pl/ksiazka/47826/czarna-kompania,,Chcę przeczytać,,The Black company
5064645,Spotkanie z Ramą,Arthur C. Clarke,9788383380131,Rama (tom 1),"7,3",1217,2737,155,,https://lubimyczytac.pl/ksiazka/5064645/spotkanie-z-rama,,Chcę przeczytać,,Rendezvous With Rama
4988209,Wampirze cesarstwo,Jay Kristoff,9788367793384,Wampirze cesarstwo (tom 1),"8,4",1191,3743,240,,https://lubimyczytac.pl/ksiazka/4988209/wampirze-cesarstwo,,Chcę przeczytać,,Empire of the Vampire
5066444,Tancerze burzy,Jay Kristoff,9788383185385,Wojna Lotosowa (tom 1),"7,3",1469,5391,281,,https://lubimyczytac.pl/ksiazka/5066444/tancerze-burzy,,Chcę przeczytać,,Stormdancer
4923601,Dom ziemi i krwi. Część 1,Sarah J. Maas,9788328098480,Księżycowe Miasto (tom 1.1),"7,5",3664,8511,515,,https://lubimyczytac.pl/ksiazka/4923601/dom-ziemi-i-krwi-czesc-1,,Chcę przeczytać,,The House of Earth and Blood
4934877,Początek,Wasilij Machanienko,9788366071032,Droga Szamana (tom 1),"7,6",1997,3926,286,8,https://lubimyczytac.pl/ksiazka/4934877/poczatek,,Przeczytane,,Путь Шамана. Шаг 1: Начало
4999909,Ostatnia bitwa,Dariusz Domagalski,9788367053228,HAJMDAL (tom 6),"7,1",134,229,18,6,https://lubimyczytac.pl/ksiazka/4999909/ostatnia-bitwa,,Przeczytane,,Hajmdal 6: Ostatnia bitwa
4951633,Relikt,Dariusz Domagalski,9788366375680,HAJMDAL (tom 5),"7,0",177,300,21,6,https://lubimyczytac.pl/ksiazka/4951633/relikt,,Przeczytane,,Relikt
4909479,Więzy krwi,Dariusz Domagalski,9788366375260,HAJMDAL (tom 4),"7,1",213,358,24,6,https://lubimyczytac.pl/ksiazka/4909479/wiezy-krwi,,Przeczytane,,Więzy krwi
4869967,Bunt,Dariusz Domagalski,9788365661999,HAJMDAL (tom 3),"6,7",249,402,29,6,https://lubimyczytac.pl/ksiazka/4869967/bunt,,Przeczytane,,Bunt
4863130,Księżyce Monarchy,Dariusz Domagalski,9788365661722,HAJMDAL (tom 2),"6,8",281,450,41,6,https://lubimyczytac.pl/ksiazka/4863130/ksiezyce-monarchy,,Przeczytane,,Księżyce Monarchy
4848454,Początek podróży,Dariusz Domagalski,,HAJMDAL (tom 1),"6,6",363,738,64,6,https://lubimyczytac.pl/ksiazka/4848454/poczatek-podrozy,,Przeczytane,,Początek podróży
4945805,Niebiańska rzeka,Dennis E. Taylor,,Bobiverse (tom 4),"7,1",460,942,73,7,https://lubimyczytac.pl/ksiazka/4945805/niebianska-rzeka,,Przeczytane,,Niebiańska rzeka
4945703,Wszystkie te światy,Dennis E. Taylor,,Bobiverse (tom 3),"7,4",649,1231,70,8,https://lubimyczytac.pl/ksiazka/4945703/wszystkie-te-swiaty,,Przeczytane,,test
4929173,Gdyż jest nas wielu,Dennis E. Taylor,,Bobiverse (tom 2),"7,5",776,1392,90,8,https://lubimyczytac.pl/ksiazka/4929173/gdyz-jest-nas-wielu,,Przeczytane,,test
4909870,Wojna makowa,Rebecca F. Kuang,,Wojna makowa (tom 1),"7,5",8362,17077,1193,7,https://lubimyczytac.pl/ksiazka/4909870/wojna-makowa,,Przeczytane,,test
4905356,"Nasze imię Legion, nasze imię Bob",Dennis E. Taylor,,Bobiverse (tom 1),"7,4",1263,2973,203,8,https://lubimyczytac.pl/ksiazka/4905356/nasze-imie-legion-nasze-imie-bob,,Przeczytane,,test
5105152,Antykwariat pod salamandrą,Adam Przechrzta,,Magiczna Zielona Góra (tom 1),"7,3",577,1325,135,,https://lubimyczytac.pl/ksiazka/5105152/antykwariat-pod-salamandra,,Chcę przeczytać,,test
4937595,Wstrząsy wtórne,Marko Kloos,,Wojny palladowe (tom 1),"7,3",238,700,54,,https://lubimyczytac.pl/ksiazka/4937595/wstrzasy-wtorne,,Chcę przeczytać,,test
4957028,Beniamin Ashwood,A. C. Cobble,,Beniamin Ashwood (tom 1),"6,5",605,1261,134,6,https://lubimyczytac.pl/ksiazka/4957028/beniamin-ashwood,,Przeczytane,,test
4982657,Upadek Lewiatana,James S.A. Corey,,Expanse / Ekspansja (tom 9),"7,7",723,1590,84,,https://lubimyczytac.pl/ksiazka/4982657/upadek-lewiatana,,Przeczytane,,test
4905284,Gniew Tiamat,James S.A. Corey,,Expanse / Ekspansja (tom 8),"7,8",854,1869,76,,https://lubimyczytac.pl/ksiazka/4905284/gniew-tiamat,,Przeczytane,,test
4899212,Wzlot Persepolis,James S.A. Corey,,Expanse / Ekspansja (tom 7),"7,6",929,2065,75,,https://lubimyczytac.pl/ksiazka/4899212/wzlot-persepolis,,Przeczytane,,test
4890464,Prochy Babilonu,James S.A. Corey,,Expanse / Ekspansja (tom 6),"7,2",1046,2075,88,,https://lubimyczytac.pl/ksiazka/4890464/prochy-babilonu,,Przeczytane,,test
4875309,Gry Nemezis,James S.A. Corey,,Expanse / Ekspansja (tom 5),"7,7",1185,2278,87,,https://lubimyczytac.pl/ksiazka/4875309/gry-nemezis,,Przeczytane,,test
4851040,Wrota Abaddona,James S.A. Corey,,Expanse / Ekspansja (tom 3),"7,4",1521,2761,114,,https://lubimyczytac.pl/ksiazka/4851040/wrota-abaddona,,Przeczytane,,test
4850144,Wojna Kalibana,James S.A. Corey,,Expanse / Ekspansja (tom 2),"7,7",1792,3134,146,,https://lubimyczytac.pl/ksiazka/4850144/wojna-kalibana,,Przeczytane,,test
4846911,Przebudzenie Lewiatana,James S.A. Corey,,Expanse / Ekspansja (tom 1),"7,5",3030,7093,364,,https://lubimyczytac.pl/ksiazka/4846911/przebudzenie-lewiatana,,Przeczytane,,test
4864850,Gorączka Ciboli,James S.A. Corey,,Expanse / Ekspansja (tom 4),"7,5",1316,2485,96,7,https://lubimyczytac.pl/ksiazka/4864850/goraczka-ciboli,,Przeczytane,,test
5070650,King's Fall,Evan Currie,,Odyssey One (tom 8),"8,0",3,27,1,,https://lubimyczytac.pl/ksiazka/5070650/king-s-fall,,Przeczytane,,test
4872617,Odyssey One. W cieniu zagłady,Evan Currie,,Odyssey One (tom 7),"7,5",321,606,21,,https://lubimyczytac.pl/ksiazka/4872617/odyssey-one-w-cieniu-zaglady,,Przeczytane,,test
4844115,Odyssey One. Przebudzenie Odyseusza,Evan Currie,,Odyssey One (tom 6),"7,3",355,646,27,,https://lubimyczytac.pl/ksiazka/4844115/odyssey-one-przebudzenie-odyseusza,,Przeczytane,,test
4325122,Odyssey One. Król wojowników,Evan Currie,,Odyssey One (tom 5),"7,5",400,751,29,,https://lubimyczytac.pl/ksiazka/4325122/odyssey-one-krol-wojownikow,,Przeczytane,,test
252862,Odyssey One. W ogniu wojny,Evan Currie,,Odyssey One (tom 4),"7,4",480,874,33,,https://lubimyczytac.pl/ksiazka/252862/odyssey-one-w-ogniu-wojny,,Przeczytane,,test
237760,Odyssey One. Ostatni bastion,Evan Currie,,Odyssey One (tom 3),"7,6",529,926,36,,https://lubimyczytac.pl/ksiazka/237760/odyssey-one-ostatni-bastion,,Przeczytane,,test
224628,Odyssey One. W samo sedno,Evan Currie,,Odyssey One (tom 2),"7,2",579,1000,39,,https://lubimyczytac.pl/ksiazka/224628/odyssey-one-w-samo-sedno,,Przeczytane,,test
197385,Odyssey One. Rozgrywka w ciemno,Evan Currie,,Odyssey One (tom 1),"7,2",755,1631,104,,https://lubimyczytac.pl/ksiazka/197385/odyssey-one-rozgrywka-w-ciemno,,Przeczytane,,test
5035706,Smoki i demony,Kel Kade,,Kroniki mroku/King's Dark Tidings (tom 5),"7,6",390,923,55,6,https://lubimyczytac.pl/ksiazka/5035706/smoki-i-demony,,Przeczytane,,test
4972811,Królestwa i chaos,Kel Kade,,Kroniki mroku/King's Dark Tidings (tom 4),"7,5",652,1161,61,6,https://lubimyczytac.pl/ksiazka/4972811/krolestwa-i-chaos,,Przeczytane,,test
4972810,Legendy Ahn,Kel Kade,,Kroniki mroku/King's Dark Tidings (tom 3),"7,4",766,1297,69,6,https://lubimyczytac.pl/ksiazka/4972810/legendy-ahn,,Przeczytane,,test
4972809,Królestwo obłędu,Kel Kade,,Kroniki mroku/King's Dark Tidings (tom 2),"7,7",901,1596,113,7,https://lubimyczytac.pl/ksiazka/4972809/krolestwo-obledu,,Przeczytane,,test
4954385,Powiernik mieczy,Kel Kade,,Kroniki mroku/King's Dark Tidings (tom 1),"7,2",1244,2828,217,8,https://lubimyczytac.pl/ksiazka/4954385/powiernik-mieczy,,Przeczytane,,test
5073156,Bez prawa do błędu,Wasilij Machanienko,,Świat Przeistoczonych (tom 1),"6,9",391,672,69,6,https://lubimyczytac.pl/ksiazka/5073156/bez-prawa-do-bledu,,Przeczytane,,test
5114841,Perła południa,Wasilij Machanienko,,Świat Przeistoczonych (tom 2),"7,2",238,376,23,7,https://lubimyczytac.pl/ksiazka/5114841/perla-poludnia,,Przeczytane,,test
5074231,Pośród wrogów,Evan Currie,,Hayden War (tom 9),"7,4",112,228,15,8,https://lubimyczytac.pl/ksiazka/5074231/posrod-wrogow,,Przeczytane,,test
5061631,Pogranicze w ogniu,Evan Currie,,Hayden War (tom 8),"7,1",129,284,15,6,https://lubimyczytac.pl/ksiazka/5061631/pogranicze-w-ogniu,,Przeczytane,,test
4815552,Nowe otwarcie,Evan Currie,,Hayden War (tom 7),"7,1",220,425,17,6,https://lubimyczytac.pl/ksiazka/4815552/nowe-otwarcie,,Przeczytane,,test
3788489,De Oppresso Liber,Evan Currie,,Hayden War (tom 6),"7,3",261,474,18,7,https://lubimyczytac.pl/ksiazka/3788489/de-oppresso-liber,,Przeczytane,,test
3788459,Za wszelką cenę,Evan Currie,,Hayden War (tom 5),"7,2",265,486,16,7,https://lubimyczytac.pl/ksiazka/3788459/za-wszelka-cene,,Przeczytane,,test
309409,Zew Walhalli,Evan Currie,,Hayden War (tom 4),"7,4",279,501,16,7,https://lubimyczytac.pl/ksiazka/309409/zew-walhalli,,Przeczytane,,test
309408,Walkiria w ogniu,Evan Currie,,Hayden War (tom 3),"7,3",303,526,14,7,https://lubimyczytac.pl/ksiazka/309408/walkiria-w-ogniu,,Przeczytane,,test
300558,Narodziny Walkirii,Evan Currie,,Hayden War (tom 2),"7,2",323,572,18,7,https://lubimyczytac.pl/ksiazka/300558/narodziny-walkirii,,Przeczytane,,test
292780,Na srebrnych skrzydłach,Evan Currie,,Hayden War (tom 1),"7,0",421,871,43,7,https://lubimyczytac.pl/ksiazka/292780/na-srebrnych-skrzydlach,,Przeczytane,,test
5087702,Masa Krytyczna,Craig Alanson,,Expeditionary Force (tom 10),"7,8",126,293,12,,https://lubimyczytac.pl/ksiazka/5087702/masa-krytyczna,,Przeczytane,,test
5034562,Walkiria,Craig Alanson,,Expeditionary Force (tom 9),"7,6",150,310,17,,https://lubimyczytac.pl/ksiazka/5034562/walkiria,,Przeczytane,,test
5019806,Armagedon,Craig Alanson,,Expeditionary Force (tom 8),"7,4",159,309,10,,https://lubimyczytac.pl/ksiazka/5019806/armagedon,,Przeczytane,,test
5014044,Renegaci,Craig Alanson,,Expeditionary Force (tom 7),"7,3",179,334,13,,https://lubimyczytac.pl/ksiazka/5014044/renegaci,,Przeczytane,,test
4993409,Mavericks,Craig Alanson,,Expeditionary Force (tom 6),"7,1",190,384,10,,https://lubimyczytac.pl/ksiazka/4993409/mavericks,,Przeczytane,,test
4977674,Godzina zero,Craig Alanson,,Expeditionary Force (tom 5),"7,3",219,383,9,,https://lubimyczytac.pl/ksiazka/4977674/godzina-zero,,Przeczytane,,test
4972110,Black Ops,Craig Alanson,,Expeditionary Force (tom 4),"7,2",254,430,13,,https://lubimyczytac.pl/ksiazka/4972110/black-ops,,Przeczytane,,test
4978271,Kłopoty na Paradise,Craig Alanson,,Expeditionary Force (tom 3.5),"6,9",163,310,11,,https://lubimyczytac.pl/ksiazka/4978271/klopoty-na-paradise,,Przeczytane,,test
4959327,Paradise,Craig Alanson,,Expeditionary Force (tom 3),"7,2",303,498,23,,https://lubimyczytac.pl/ksiazka/4959327/paradise,,Przeczytane,,test
4939443,SpecOps,Craig Alanson,,Expeditionary Force (tom 2),"7,2",349,548,29,,https://lubimyczytac.pl/ksiazka/4939443/specops,,Przeczytane,,test
4924157,Dzień Kolumba,Craig Alanson,,Expeditionary Force (tom 1),"7,3",466,996,69,,https://lubimyczytac.pl/ksiazka/4924157/dzien-kolumba,,Przeczytane,,test
5095506,Świat zieleni,B.V. Larson,,Legion nieśmiertelnych (tom 15),"7,1",121,323,5,,https://lubimyczytac.pl/ksiazka/5095506/swiat-zieleni,2024-10-13,Przeczytane,Legion Nieśmiertelnych,test
5087700,Świat Skraju,B.V. Larson,,Legion nieśmiertelnych (tom 14),"7,1",125,339,7,,https://lubimyczytac.pl/ksiazka/5087700/swiat-skraju,,Przeczytane,Legion Nieśmiertelnych,test
5076376,Świat Szkła,B.V. Larson,,Legion nieśmiertelnych (tom 13),"7,1",143,350,8,,https://lubimyczytac.pl/ksiazka/5076376/swiat-szkla,,Przeczytane,Legion Nieśmiertelnych,test
5074232,Świat Klonów,B.V. Larson,,Legion nieśmiertelnych (tom 12),"7,0",154,356,8,,https://lubimyczytac.pl/ksiazka/5074232/swiat-klonow,,Przeczytane,Legion Nieśmiertelnych,test
5113703,Tatuażysta z Auschwitz,Heather Morris,,Tatuażysta z Auschwitz (tom 1),"7,2",18557,31045,2391,1,https://lubimyczytac.pl/ksiazka/5113703/tatuazysta-z-auschwitz,,Przeczytane,,test
5099156,Los pokonanych,Kel Kade,,Tajne proroctwo (tom 1),"7,0",294,875,74,6,https://lubimyczytac.pl/ksiazka/5099156/los-pokonanych,,Przeczytane,,test
130409,Front burzowy,Jim Butcher,,Akta Harry'ego Dresdena (tom 1),"6,6",2162,4469,268,6,https://lubimyczytac.pl/ksiazka/130409/front-burzowy,,Przeczytane,,test
303278,Placówka Basilisk,David Weber,,Honor Harrington (tom 1),"7,6",733,1472,84,,https://lubimyczytac.pl/ksiazka/303278/placowka-basilisk,,Chcę przeczytać,,test
5026569,Ciemny las,Cixin Liu,,Wspomnienie o przeszłości Ziemi (tom 2),"8,0",4601,7989,501,8,https://lubimyczytac.pl/ksiazka/5026569/ciemny-las,,Przeczytane,,test
4233532,Problem trzech ciał,Cixin Liu,,Wspomnienie o przeszłości Ziemi (tom 1),"7,5",8054,17223,1039,8,https://lubimyczytac.pl/ksiazka/4233532/problem-trzech-cial,,Przeczytane,,test
5100417,Księstwo Różanego Krzyża,Marcin Świątkowski,,Psy Pana (tom 2),"7,0",413,719,79,6,https://lubimyczytac.pl/ksiazka/5100417/ksiestwo-rozanego-krzyza,,Przeczytane,,test
5077100,Psy Pana,Marcin Świątkowski,,Psy Pana (tom 1),"6,6",802,1541,198,6,https://lubimyczytac.pl/ksiazka/5077100/psy-pana,,Przeczytane,,test
5034019,Ilion,Dan Simmons,,Ilion/Olimp (tom 1),"7,7",999,3278,117,,https://lubimyczytac.pl/ksiazka/5034019/ilion,,Chcę przeczytać,,test
51717,Star Wars: Darth Bane. Dynastia Zła,Drew Karpyshyn,,The Essential Legends Collection (tom 0),"7,8",1419,2171,101,8,https://lubimyczytac.pl/ksiazka/51717/star-wars-darth-bane-dynastia-zla,,Przeczytane,Star Wars,test
51716,Star Wars: Darth Bane. Zasada Dwóch,Drew Karpyshyn,,Trylogia Dartha Bane'a (tom 2),"7,6",1541,2303,98,8,https://lubimyczytac.pl/ksiazka/51716/star-wars-darth-bane-zasada-dwoch,,Przeczytane,Star Wars,test
136434,Star Wars: Darth Bane. Droga zagłady,Drew Karpyshyn,,Trylogia Dartha Bane'a (tom 1),"7,9",878,1414,77,8,https://lubimyczytac.pl/ksiazka/136434/star-wars-darth-bane-droga-zaglady,,Przeczytane,Star Wars,test
5034334,Ogień i krew. Część 2,George R.R. Martin,,Historia Targaryenów (tom 1.2),"7,1",2203,4379,183,8,https://lubimyczytac.pl/ksiazka/5034334/ogien-i-krew-czesc-2,,Przeczytane,Historia Targaryenów,test
5034333,Ogień i krew. Część 1,George R.R. Martin,,Historia Targaryenów (tom 1.1),"7,3",3109,6390,327,8,https://lubimyczytac.pl/ksiazka/5034333/ogien-i-krew-czesc-1,,Przeczytane,Historia Targaryenów,test
4966319,Świat Śmierci,B.V. Larson,,Legion nieśmiertelnych (tom 5),"6,8",276,505,15,,https://lubimyczytac.pl/ksiazka/4966319/swiat-smierci,,Przeczytane,Legion Nieśmiertelnych,test
5053076,Świat Burz,B.V. Larson,,Legion nieśmiertelnych (tom 10),"7,1",188,419,10,,https://lubimyczytac.pl/ksiazka/5053076/swiat-burz,,Przeczytane,Legion Nieśmiertelnych,test
5064307,Świat Pancerza,B.V. Larson,,Legion nieśmiertelnych (tom 11),"7,1",171,369,14,,https://lubimyczytac.pl/ksiazka/5064307/swiat-pancerza,,Przeczytane,Legion Nieśmiertelnych,test
5029467,Świat Ciemności,B.V. Larson,,Legion nieśmiertelnych (tom 9),"7,0",200,392,13,,https://lubimyczytac.pl/ksiazka/5029467/swiat-ciemnosci,,Przeczytane,Legion Nieśmiertelnych,test
5014046,Świat Krwi,B.V. Larson,,Legion nieśmiertelnych (tom 8),"6,9",220,426,15,,https://lubimyczytac.pl/ksiazka/5014046/swiat-krwi,,Przeczytane,Legion Nieśmiertelnych,test
4999910,Świat Buntowników,B.V. Larson,,Legion nieśmiertelnych (tom 7),"7,0",239,473,15,,https://lubimyczytac.pl/ksiazka/4999910/swiat-buntownikow,,Przeczytane,Legion Nieśmiertelnych,test
4985304,Świat ludzi,B.V. Larson,,Legion nieśmiertelnych (tom 6),"7,0",253,491,14,,https://lubimyczytac.pl/ksiazka/4985304/swiat-ludzi,,Przeczytane,Legion Nieśmiertelnych,test
4962259,Świat Maszyn,B.V. Larson,,Legion nieśmiertelnych (tom 4),"6,8",295,521,14,,https://lubimyczytac.pl/ksiazka/4962259/swiat-maszyn,,Przeczytane,Legion Nieśmiertelnych,test
4941337,Świat Postępu,B.V. Larson,,Legion nieśmiertelnych (tom 3),"6,7",323,575,21,,https://lubimyczytac.pl/ksiazka/4941337/swiat-postepu,,Przeczytane,Legion Nieśmiertelnych,test
4941336,Świat Pyłu,B.V. Larson,,Legion nieśmiertelnych (tom 2),"6,8",367,629,35,,https://lubimyczytac.pl/ksiazka/4941336/swiat-pylu,,Przeczytane,Legion Nieśmiertelnych,test
4997165,Świat stali,B.V. Larson,,Legion nieśmiertelnych (tom 1),"6,8",550,1073,79,,https://lubimyczytac.pl/ksiazka/4997165/swiat-stali,,Przeczytane,Legion Nieśmiertelnych,test
5060263,Dar anomalii. Księga 1,Paweł Zbroszczyk,,Dar anomalii (tom 1),"7,4",775,1469,291,,https://lubimyczytac.pl/ksiazka/5060263/dar-anomalii-ksiega-1,,Przeczytane,,test
5012783,Posłaniec,Krzysztof Barrek,,Upadek cesarstwa (tom 1),"7,2",212,384,45,7,https://lubimyczytac.pl/ksiazka/5012783/poslaniec,,Przeczytane,,test
4918579,Pierwotny,Małgorzata Lisińska,,Tropiciel (tom 3),"6,9",174,313,24,,https://lubimyczytac.pl/ksiazka/4918579/pierwotny,,Przeczytane,,test
4863627,Czarownica,Małgorzata Lisińska,,Tropiciel (tom 2),"7,1",272,446,41,,https://lubimyczytac.pl/ksiazka/4863627/czarownica,,Przeczytane,,test
4813063,Tropiciel,Małgorzata Lisińska,,Tropiciel (tom 1),"6,8",438,749,75,,https://lubimyczytac.pl/ksiazka/4813063/tropiciel,,Przeczytane,,test
5033814,Star Wars: Mistrz i uczeń,Claudia Gray,,,"7,3",265,455,40,8,https://lubimyczytac.pl/ksiazka/5033814/star-wars-mistrz-i-uczen,,Przeczytane,,test
4940009,Star Wars: Thrawn: Zdrada,Timothy Zahn,,Thrawn (tom 3),"7,5",189,400,23,,https://lubimyczytac.pl/ksiazka/4940009/star-wars-thrawn-zdrada,,Chcę przeczytać,,test
4915682,Star Wars: Thrawn: Sojusze,Timothy Zahn,,Thrawn (tom 2),"6,6",248,483,33,,https://lubimyczytac.pl/ksiazka/4915682/star-wars-thrawn-sojusze,,Chcę przeczytać,,test
4904667,Star Wars: Thrawn,Timothy Zahn,,Thrawn (tom 1),"7,9",302,654,39,,https://lubimyczytac.pl/ksiazka/4904667/star-wars-thrawn,,Chcę przeczytać,,test
4978560,Do gwiazd,Brandon Sanderson,,Skyward (tom 1),"8,0",1767,4019,267,,https://lubimyczytac.pl/ksiazka/4978560/do-gwiazd,,Chcę przeczytać,,test
5040519,Kapitularz Diuną,Frank Herbert,,Kroniki Diuny (tom 6),"7,1",1943,5021,116,,https://lubimyczytac.pl/ksiazka/5040519/kapitularz-diuna,,Przeczytane,Kroniki Diuny,test
5040518,Heretycy Diuny,Frank Herbert,,Kroniki Diuny (tom 5),"7,3",2601,6082,141,,https://lubimyczytac.pl/ksiazka/5040518/heretycy-diuny,,Przeczytane,Kroniki Diuny,test
5114517,Bóg Imperator Diuny,Frank Herbert,,Kroniki Diuny (tom 4),"7,3",4323,8834,271,,https://lubimyczytac.pl/ksiazka/5114517/bog-imperator-diuny,,Przeczytane,Kroniki Diuny,test
5040514,Dzieci Diuny,Frank Herbert,,Kroniki Diuny (tom 3),"7,4",1484,2769,96,,https://lubimyczytac.pl/ksiazka/5040514/dzieci-diuny,,Przeczytane,Kroniki Diuny,test
8601,Mesjasz Diuny,Frank Herbert,,Kroniki Diuny (tom 2),"7,3",5943,9886,380,,https://lubimyczytac.pl/ksiazka/8601/mesjasz-diuny,,Przeczytane,Kroniki Diuny,test
4942534,Diuna,Frank Herbert,,Kroniki Diuny (tom 1),"8,2",21324,43603,1855,10,https://lubimyczytac.pl/ksiazka/4942534/diuna,,Przeczytane,Kroniki Diuny,test
4811730,Wiedźmin. Szpony i kły,"Andrzej W. Sawicki, Przemysław Gul",,Wiedźmin Geralt z Rivii (tom 8),"6,8",3218,8016,381,,https://lubimyczytac.pl/ksiazka/4811730/wiedzmin-szpony-i-kly,,Chcę przeczytać,,test
199630,Sezon burz,Andrzej Sapkowski,,Wiedźmin Geralt z Rivii (tom 0.2),"7,4",22684,39118,1838,,https://lubimyczytac.pl/ksiazka/199630/sezon-burz,,Przeczytane,Wiedźmin,test
240527,Pani Jeziora,Andrzej Sapkowski,,Wiedźmin Geralt z Rivii (tom 7),"8,2",32630,53032,1148,,https://lubimyczytac.pl/ksiazka/240527/pani-jeziora,,Przeczytane,Wiedźmin,test
240525,Wieża Jaskółki,Andrzej Sapkowski,,Wiedźmin Geralt z Rivii (tom 6),"8,3",33370,53416,922,,https://lubimyczytac.pl/ksiazka/240525/wieza-jaskolki,,Przeczytane,Wiedźmin,test
240524,Chrzest ognia,Andrzej Sapkowski,,Wiedźmin Geralt z Rivii (tom 5),"8,4",37743,58567,1106,,https://lubimyczytac.pl/ksiazka/240524/chrzest-ognia,,Przeczytane,Wiedźmin,test
240513,Czas pogardy,Andrzej Sapkowski,,Wiedźmin Geralt z Rivii (tom 4),"8,3",40395,61886,1156,,https://lubimyczytac.pl/ksiazka/240513/czas-pogardy,,Przeczytane,Wiedźmin,test
240512,Krew elfów,Andrzej Sapkowski,,Wiedźmin Geralt z Rivii (tom 3),"8,2",45246,69076,1607,,https://lubimyczytac.pl/ksiazka/240512/krew-elfow,,Przeczytane,Wiedźmin,test
240312,Miecz przeznaczenia,Andrzej Sapkowski,,Wiedźmin Geralt z Rivii (tom 2),"8,4",42010,63084,1509,,https://lubimyczytac.pl/ksiazka/240312/miecz-przeznaczenia,,Przeczytane,Wiedźmin,test
240310,Ostatnie życzenie,Andrzej Sapkowski,,Wiedźmin Geralt z Rivii (tom 1),"8,4",53246,80627,2687,,https://lubimyczytac.pl/ksiazka/240310/ostatnie-zyczenie,,Przeczytane,"Posiadam, Wiedźmin",test
301206,Taniec ze smokami. Część 2,George R.R. Martin,,Pieśń Lodu i Ognia (tom 5.2),"8,2",16038,29415,566,,https://lubimyczytac.pl/ksiazka/301206/taniec-ze-smokami-czesc-2,,Przeczytane,Pieśń Lodu i Ognia,test
301205,Taniec ze smokami. Część 1,George R.R. Martin,,Pieśń Lodu i Ognia (tom 5.1),"8,0",17174,31495,492,,https://lubimyczytac.pl/ksiazka/301205/taniec-ze-smokami-czesc-1,,Przeczytane,Pieśń Lodu i Ognia,test
253110,Uczta dla wron: Sieć spisków,George R.R. Martin,,Pieśń Lodu i Ognia (tom 4.2),"8,0",8533,16110,199,,https://lubimyczytac.pl/ksiazka/253110/uczta-dla-wron-siec-spiskow,,Przeczytane,Pieśń Lodu i Ognia,test
252979,Uczta dla wron: Cienie śmierci,George R.R. Martin,,Pieśń Lodu i Ognia (tom 4.1),"8,0",8951,16560,239,,https://lubimyczytac.pl/ksiazka/252979/uczta-dla-wron-cienie-smierci,,Przeczytane,Pieśń Lodu i Ognia,test
4942700,Nawałnica mieczy: Krew i złoto,George R.R. Martin,,Pieśń Lodu i Ognia (tom 3.2),"8,5",1814,3622,51,,https://lubimyczytac.pl/ksiazka/4942700/nawalnica-mieczy-krew-i-zloto,,Przeczytane,Pieśń Lodu i Ognia,test
4942363,Nawałnica mieczy: Stal i śnieg,George R.R. Martin,,Pieśń Lodu i Ognia (tom 3.1),"8,4",2223,4225,59,,https://lubimyczytac.pl/ksiazka/4942363/nawalnica-mieczy-stal-i-snieg,,Przeczytane,Pieśń Lodu i Ognia,test
135651,Star Wars: Darth Plagueis,James Luceno,,,"7,8",655,1128,84,9,https://lubimyczytac.pl/ksiazka/135651/star-wars-darth-plagueis,,Przeczytane,Star Wars,test
134106,Starcie królów,George R.R. Martin,,Pieśń Lodu i Ognia (tom 2),"8,4",16456,27347,592,,https://lubimyczytac.pl/ksiazka/134106/starcie-krolow,,Przeczytane,Pieśń Lodu i Ognia,test
134254,Gra o tron,George R.R. Martin,,Pieśń Lodu i Ognia (tom 1),"8,5",19107,32442,1332,9,https://lubimyczytac.pl/ksiazka/134254/gra-o-tron,,Przeczytane,"Posiadam, Pieśń Lodu i Ognia",test
